<hibernate-configuration>
<session-factory>
<!--  Database connection settings  -->
<property name="connection.driver_class">com.mysql.cj.jdbc.Driver</property>
<property name="connection.url">jdbc:mysql://localhost:3306/world</property>
<property name="connection.username">root</property>
<property name="connection.password">Lohith@1507</property>
<property name="hibernate.dialect">org.hibernate.dialect.MySQLDialect</property>
<mapping resource="com/b/hibernate.hbm.xml"/>
</session-factory>
</hibernate-configuration>