<hibernate-configuration>
<session-factory>
<!--  Database connection settings  -->
<property name="connection.driver_class">com.mysql.cj.jdbc.Driver</property>
<property name="connection.url">jdbc:mysql://localhost:3306/ecommercedb</property>
<property name="connection.username">root</property>
<property name="connection.password">Lohith@1507</property>
<property name="hibernate.dialect">org.hibernate.dialect.MySQLDialect</property>
<mapping resource="com/ecommerce/EProduct.hbm.xml"/>
<mapping resource="com/ecommerce/Color.hbm.xml"/>
<mapping resource="com/ecommerce/screenSizes.hbm.xml"/>
<mapping resource="com/ecommerce/Os.hbm.xml"/>
<mapping resource="com/ecommerce/Finance.hbm.xml"/>
</session-factory>
</hibernate-configuration>