<hibernate-mapping package="com.b">
<class name="Books" table="books">
<id name="book_id" column="book_id">
<generator class="increment"/>
</id>
<property name="title" type="string" column="title"/>
<property name="author_fname" type="string" column="author_fname"/>
<property name="author_lname" type="string" column="author_lname"/>
<property name="released_year" type="int" column="released_year"/>
<property name="stock_quantity" type="int" column="stock_quantity"/>
<property name="pages" type="int" column="pages"/>
</class>
</hibernate-mapping>