<?xml version="1.0"?>
<!DOCTYPE hibernate-mapping PUBLIC "-//Hibernate/Hibernate Mapping DTD 3.0//EN" "http://www.hibernate.org/dtd/hibernate-mapping-3.0.dtd">
<hibernate-mapping package="com.simpli">
	<class name="EProduct" table="eproduct">
		<id name="ID" column="ID">
			<generator class="increment" />
		</id>

		<property name="name" type="string" column="NAME" />
		<property name="price" type="big_decimal" column="PRICE" />
		<property name="dateAdded" type="timestamp"	column="DATE_ADDED" />
		
		<list name="colors" cascade="all">
			<key column="product_id" />
			<list-index column="idx" />
			<one-to-many class="com.simpli.Color" />
		</list>

	</class>

</hibernate-mapping>		